[
  { "description": "An ambush floater",
    "type": "once",
    "trigger": "ambush",
    "spawns": [
      {"x": 163, "y": 0}
    ],
    "unit": {
      "type": "floater",
      "facing": 1,
      "speed": 15,
      "waypoints": [
        {"x": 163, "y": 24},
        {"x": 200, "y": 24}
      ]
    }
  },
  { "description": "An ambush floater",
    "type": "once",
    "trigger": "ambush",
    "spawns": [
      {"x": 165, "y": 0}
    ],
    "unit": {
      "type": "floater",
      "facing": 1,
      "speed": 15,
      "waypoints": [
        {"x": 165, "y": 22},
        {"x": 200, "y": 22}
      ]
    }
  },
  { "description": "An ambush floater",
    "type": "once",
    "trigger": "ambush",
    "spawns": [
      {"x": 167, "y": 0}
    ],
    "unit": {
      "type": "floater",
      "facing": 1,
      "speed": 15,
      "waypoints": [
        {"x": 167, "y": 20},
        {"x": 200, "y": 20}
      ]
    }
  },
  { "description": "An ambush floater",
    "type": "once",
    "trigger": "ambush",
    "spawns": [
      {"x": 169, "y": 0}
    ],
    "unit": {
      "type": "floater",
      "facing": 1,
      "speed": 15,
      "waypoints": [
        {"x": 169, "y": 18},
        {"x": 200, "y": 18}
      ]
    }
  },
  { "description": "A pit floater",
    "type": "once",
    "trigger": "ambush",
    "spawns": [
      {"x": 196, "y": 39},
      {"x": 201, "y": 39},
      {"x": 206, "y": 41}
    ],
    "unit": {
      "type": "floater",
      "facing": 1,
      "speed": 5,
      "waypoints": [
        {"x": 196, "y": 18},
        {"x": 170, "y": 18}
      ]
    }
  },
  { "description": "A pit floater",
    "type": "once",
    "trigger": "ambush",
    "spawns": [
      {"x": 195, "y": 41},
      {"x": 200, "y": 40},
      {"x": 205, "y": 41},
      {"x": 211, "y": 39}
    ],
    "unit": {
      "type": "floater",
      "facing": 1,
      "speed": 5,
      "waypoints": [
        {"x": 192, "y": 18},
        {"x": 170, "y": 18}
      ]
    }
  },
  { "description": "The continually spawning lifts that raise the first trucks",
    "type": "continous",
    "interval": 10,
    "spawns":[
      {"x": 44, "y": 80}
    ],
    "unit": {
      "type": "lift",
      "waypoints": [
        {"x": 44, "y": 41},
        {"wait": 8},
        {"destroy": true}
      ],
      "speed": 10
    }
  },
  { "description": "The lifts that raise the first trucks and start on-screen",
    "type": "once",
    "spawns": [
      {"x": 44,"y": 41}
    ],
    "unit": {
      "type": "lift",
      "waypoints": [
        {"x": 44, "y": 41},
        {"wait": 6},
        {"destroy": true}
      ],
      "speed": 10
    }
  },

  { "description": "The first trucks",
    "type": "continous",
    "interval": 10,
    "spawns":[
      {"x": 44, "y": 75}
    ],
    "unit": {
      "type": "truck",
      "facing": 1,
      "speed": 8
    }
  },
  { "description": "The first trucks that already start on screen",
    "type": "once",
    "spawns": [
      {"x": 44,"y": 38},
      {"x": 68,"y": 38},
      {"x": 92,"y": 38},
      {"x": 100,"y": 38},
      {"x": 110,"y": 38},
      {"x": 120,"y": 38},
      {"x": 130,"y": 38},
      {"x": 140,"y": 38},
      {"x": 150,"y": 38},
      {"x": 160,"y": 38},
      {"x": 170,"y": 38},
      {"x": 180,"y": 38},
      {"x": 190,"y": 38},
      {"x": 200,"y": 38},
      {"x": 210,"y": 38}
    ],
    "unit": {
      "type": "truck",
      "facing": 1,
      "speed": 8
    }
  },
  { "description": "The first challenge carrier spawn point for the top carrier",
    "type": "continous",
    "interval": 15,
    "spawns": [
      {"x": 112, "y": 0}
    ],
    "unit": {
      "type": "carrier",
      "facing": 1,
      "speed": 5,
      "waypoints": [
        {"x": 112, "y": 34},
        {"x": 125, "y": 34},
        {"x": 125, "y": 32},
        {"x": 67, "y": 32},
        {"x": 67, "y": 2},
        {"x": 87, "y": 2},
        {"destroy": true}
      ]
    }
  },
  { "description": "The first challenge carrier in progress spawn for the top carrier",
    "type": "once",
    "interval": 15,
    "spawns": [
      {"x": 112, "y": 34, "firstWaypoint": 1},
      {"x": 115, "y": 32, "firstWaypoint": 3},
      {"x": 80, "y": 32, "firstWaypoint": 3}
    ],
    "unit": {
      "type": "carrier",
      "facing": 1,
      "speed": 5,
      "waypoints": [
        {"x": 112, "y": 34},
        {"x": 125, "y": 34},
        {"x": 125, "y": 32},
        {"x": 67, "y": 32},
        {"x": 67, "y": 2},
        {"x": 87, "y": 2},
        {"destroy": true}
      ]
    }
  },
  { "description": "The first challenge carrier spawn point for the bottom carrier",
    "type": "continous",
    "interval": 15,
    "spawns": [
      {"x": 112, "y": 3}
    ],
    "unit": {
      "type": "carrier",
      "facing": 1,
      "speed": 5,
      "waypoints": [
        {"x": 112, "y": 37},
        {"x": 125, "y": 37},
        {"x": 125, "y": 29},
        {"x": 67, "y": 29},
        {"x": 67, "y": 2},
        {"x": 87, "y": 2},
        {"destroy": true}
      ]
    }
  },
  { "description": "The first challenge carrier in progress spawn for the bottom carrier",
    "type": "once",
    "interval": 15,
    "spawns": [
      {"x": 112, "y": 37, "firstWaypoint": 1},
      {"x": 122, "y": 29, "firstWaypoint": 3},
      {"x": 80, "y": 29, "firstWaypoint": 3}
    ],
    "unit": {
      "type": "carrier",
      "facing": 1,
      "speed": 5,
      "waypoints": [
        {"x": 112, "y": 37},
        {"x": 125, "y": 37},
        {"x": 125, "y": 29},
        {"x": 67, "y": 29},
        {"x": 67, "y": 2},
        {"x": 87, "y": 2},
        {"destroy": true}
      ]
    }
  },
  { "description": "The carriers from the loopy bit at the end",
    "type": "once",
    "interval": 10,
    "spawns": [
      {"x": 253.5, "y": 77},
      {"x": 241, "y": 29, "firstWaypoint": 1},
      {"x": 227, "y": 29, "firstWaypoint": 1},
      {"x": 212, "y": 29, "firstWaypoint": 2}
    ],
    "unit": {
      "type": "carrier",
      "facing": 1,
      "speed": 6,
      "waypoints": [
        {"x": 253.5, "y": 29},
        {"x": 212, "y": 29},
        {"x": 212, "y": 15},
        {"x": 263, "y": 15},
        {"x": 263, "y": 77},
        {"x": 253.5, "y": 77}
      ],
      "paused": true
    }
  },
  { "description": "Frozen pit floaters for blocking the path",
    "type": "once",
    "trigger": "ambush",
    "spawns": [
      {"x": 224, "y": 27},
      {"x": 254, "y": 12},
      {"x": 256, "y": 10}
    ],
    "unit": {
      "type": "floater",
      "facing": 1,
      "speed": 5,
      "paused":true,
      "waypoints": [
        {"x": 200, "y": 21},
        {"x": 228, "y": 21}
      ]
    }
  },
  { "description": "Lift that blocks the shower room",
    "type": "once",
    "interval": 10,
    "spawns": [
      {"x": 189, "y": 44}
    ],
    "unit": {
      "type": "lift",
      "waypoints": [
        {"x": 189, "y": 41},
        {"x": 189, "y": 47}
      ],
      "speed": 5,
      "paused": true
    }
  },
  { "description": "Lift to escape the shower room",
    "type": "once",
    "interval": 10,
    "spawns": [
      {"x": 179, "y": 69}
    ],
    "unit": {
      "type": "lift",
      "waypoints": [
        {"x": 179, "y": 49},
        {"x": 179, "y": 69}
      ],
      "speed": 5,
      "paused": true
    }
  },
  { "description": "Marks a small victory for mankind, but a big leap for us.",
    "type": "once",
    "spawns": [
      {"x": 270, "y": 75}
    ],
    "unit": {
      "type": "flag"
    }
  }
]
